slido 提問ID,slido 提問連結
SITCON25-R0-2,https://app.sli.do/event/4a4HANQvyn3knSJK2MxkHW
SITCON25-R1-4,https://app.sli.do/event/kGPrTKvtGWh2NKXjA2S1mX
SITCON25-R2-4,https://app.sli.do/event/aFjdf6wL9vUQFApirce7DB 
SITCON25-R3-3,https://app.sli.do/event/c4eVu4PAS9PuDv6MEvTXp7
SITCON25-S-3,https://app.sli.do/event/563joZJxrQtcVhuJpZPYnv
SITCON25-R0-1,https://app.sli.do/event/7UczZeSseDuCbJrAVy9Xqo 
SITCON25-R1-1,https://app.sli.do/event/tCd4q8BZYKs4EMDjjHX4X7
SITCON25-R2-1,https://app.sli.do/event/kEVAn9mGHtR1uAw3bQEQEf 
SITCON25-R3-1,https://app.sli.do/event/gDTUWFN6XJLNsaPdtrANbm
SITCON25-R1-2,https://app.sli.do/event/4kMjjygi4R827fy1YxF7k6
SITCON25-R2-2,https://app.sli.do/event/puZHNE9jDAsP6H82QnAdVz
SITCON25-R1-3,https://app.sli.do/event/8sjStbY23uGzJgPH3mdkXN
SITCON25-R2-3,https://app.sli.do/event/qmG5u5ygxkyGrSZ8hRR3Nw 
SITCON25-R3-2,https://app.sli.do/event/2UcVSUaBAURdqskZgE3Zs1 
SITCON25-R0-3,https://app.sli.do/event/8vYhh4Upi9bdM88pSuAfH3
SITCON25-R1-5,https://app.sli.do/event/bV96yFB9A8ie6SAcKn1KCh 
SITCON25-R2-5,https://app.sli.do/event/89SndaEwuyud5ycQpMn81m
SITCON25-R3-4,https://app.sli.do/event/eh7GwnPNRxo4SxVvhhXaY6
SITCON25-R0-4,https://app.sli.do/event/eQ129JHw44f1JCA3zBXfhh
SITCON25-R1-6,https://app.sli.do/event/ijKdVJGrtzT4d8kFZBrBnk
SITCON25-R2-6,https://app.sli.do/event/cqfWthQyU1ixHoaBmdxb5t 
SITCON25-R3-5,https://app.sli.do/event/59oHNdbPxvDiQWE9MNjN6s
SITCON25-Keynote-1,https://app.sli.do/event/8coVCkf69dHfLzTdy6hVjG
SITCON25-Keynote-2,https://app.sli.do/event/iUye1fUyNSDnzGmr2DdbBf
SITCON25-forum,https://app.sli.do/event/odSJwPZ7aRwtHTLvo1tK29
SITCON25-sponsored-R2,https://app.sli.do/event/9sn5yNbHzGyF36pBqsQdfu
SITCON25-sponsored-R3,https://app.sli.do/event/88D9hfvE8Vdzh91C1EXFzy
SITCON25-sponsored-R3PM,https://app.sli.do/event/9nXs7tN6Ljwrg4q6ahdbte
